,Zone,"Population, milles personnes",Disponibilité alimentaire de la viande de volaille (Kcal/personne/jour),Disponibilité alimentaire de la viande de volaille en quantité  (kg/personne/an),Disponibilité de matière grasse de la viande de volaille en quantité (g/personne/jour),Disponibilité de protéines de la viande de volaille en quantité (g/personne/jour),Chomage_2017,Croissance de PBI,Muslims_%,Dette ext % du PIB,"distance, km",Cost of a healthy diet (PPP dollar per person per day),Cost of animal source foods,Percentage of the population unable to afford a healthy diet (percent),Densité du réseau ferroviaire (pour 100 km carrés de surface totale du pays),Disponibilités protéines moyennes d’origine animale (g/personne/jour) (moyenne sur 3 ans),Disponibilités protéiques moyennes (g/personne/jour) (moyenne sur 3 ans),"PIB par habitant, ($ PPA internationaux constants de 2017)",Stabilité politique et absence de violence/terrorisme (indice),Suffisance des apports énergétiques alimentaires moyens (%) (moyenne sur 3 ans),taux_dependance_import(%),autosuffisance_prod(%)
0,Afghanistan,36296.113,5.0,1.53,0.33,0.54,11.18,63.62410714285714,99.0,22.0,5572.0,3.287892215568862,0.8727100591715976,36.91527777777779,2.651315789473684,10.7,58.0,2096.1,-2.8,108.0,50.877192982456144,49.122807017543856
1,Afrique du Sud,57009.756,143.0,35.69,9.25,14.11,23.99,41.3,1.9,23.0,8665.0,4.102,1.059,65.3,1.7,35.7,80.0,13950.5,-0.28,120.0,24.268177525967893,78.7063267233239
2,Albanie,2884.169,85.0,16.36,6.45,6.26,13.62,61.6,82.1,23.0,1599.0,3.952,1.204,31.3,2.651315789473684,61.0,113.3,12771.0,0.38,135.0,80.85106382978722,27.659574468085108
3,Algérie,41389.189,22.0,6.38,1.5,1.97,12.0,4.5,97.9,0.0,1336.0,3.763,0.964,32.5,0.2,25.0,89.3,11809.5,-0.92,149.0,0.7220216606498195,99.27797833935018
4,Allemagne,82658.409,71.0,19.47,4.16,7.96,3.75,63.62410714285714,6.9,142.0,877.0,2.786,0.666,0.7,9.4,63.0,104.3,53071.5,0.59,141.0,48.4186313973548,87.0615296147211
5,Andorre,77.001,74.48554913294798,20.19838150289017,4.891791907514452,7.117803468208093,7.600097107956544,63.62410714285714,1.0,88.00962566844919,709.0,3.287892215568862,0.8727100591715976,36.91527777777779,2.651315789473684,36.646111111111104,80.99055555555555,20818.325531914892,1.42,121.14942528735632,46.237707161821746,77.61906143020059
6,Angola,29816.766,35.0,10.56,2.22,3.6,13.96,100.7,1.0,21.0,6485.0,4.327,1.011,81.4,2.651315789473684,15.3,52.0,7216.1,-0.38,116.0,86.83385579937304,13.166144200626958
7,Anguilla,14.584,74.48554913294798,20.19838150289017,4.891791907514452,7.117803468208093,7.600097107956544,63.62410714285714,1.0,88.00962566844919,6690.0,3.287892215568862,0.647,36.91527777777779,2.651315789473684,36.646111111111104,80.99055555555555,20818.325531914892,-0.06223350253807105,121.14942528735632,46.237707161821746,77.61906143020059
8,Antigua-et-Barbuda,95.426,233.0,54.1,17.55,17.77,7.600097107956544,63.62410714285714,1.0,36.0,1027.0,4.112,0.682,36.91527777777779,2.651315789473684,50.3,79.0,20777.9,0.75,121.14942528735632,100.0,0.0
9,Antilles néerlandaises (ex),275.186,74.48554913294798,20.19838150289017,4.891791907514452,7.117803468208093,7.600097107956544,63.62410714285714,22.801304347826086,88.00962566844919,5164.849137931034,3.287892215568862,0.8727100591715976,36.91527777777779,2.651315789473684,36.646111111111104,80.99055555555555,20818.325531914892,-0.06223350253807105,121.14942528735632,46.237707161821746,77.61906143020059
10,Arabie saoudite,33101.179,151.0,43.36,9.38,15.57,5.89,63.62410714285714,92.7,19.0,4679.0,3.441,1.031,36.91527777777779,0.1,34.6,88.3,45795.5,-0.64,133.0,50.31358885017422,42.926829268292686
11,Argentine,43937.14,182.0,42.24,13.84,13.53,8.35,51.1,1.0,43.0,3423.0,3.341,0.669,6.8,0.6,67.3,105.7,23597.1,0.17,132.0,0.40774719673802245,110.1427115188583
12,Arménie,2944.791,54.0,16.06,3.39,5.44,17.7,102.6,1.0,56.0,7582.0,3.096,0.973,37.1,2.3,48.7,101.7,12509.6,-0.62,135.0,74.46808510638297,23.404255319148938
13,Aruba,105.366,74.48554913294798,20.19838150289017,4.891791907514452,7.117803468208093,6.92,63.62410714285714,1.0,21.0,6690.0,3.418,0.718,36.91527777777779,2.651315789473684,36.646111111111104,80.99055555555555,20818.325531914892,-0.06223350253807105,121.14942528735632,46.237707161821746,77.61906143020059
14,Australie,24584.62,192.0,47.65,13.45,16.6,5.59,63.62410714285714,3.0,95.0,6881.0,2.259,0.458,0.7,2.651315789473684,72.3,107.0,48400.2,0.9,140.0,1.3663535439795047,108.36891545687446
15,Autriche,8819.901,65.0,18.2,3.66,7.49,5.56,63.62410714285714,6.2,200.0,1031.0,2.772,0.612,0.6,5.9,65.0,108.3,54173.0,1.05,147.0,63.58381502890174,85.54913294797689
16,Azerbaïdjan,9845.32,44.0,13.11,2.77,4.45,5.0,27.5,97.3,1.0,3805.0,2.348,0.729,0.0,2.5,33.3,92.3,14121.4,-0.75,129.0,20.930232558139537,80.62015503875969
17,Bahamas,381.755,182.0,43.17,13.33,14.61,9.8,63.62410714285714,1.0,6.0,7187.0,4.276,0.848,36.91527777777779,2.651315789473684,52.7,81.7,34357.3,0.99,121.14942528735632,92.3076923076923,23.076923076923077
18,Bahreïn,1494.076,74.48554913294798,20.19838150289017,4.891791907514452,7.117803468208093,7.600097107956544,63.62410714285714,69.7,65.0,4823.0,3.379,1.006,36.91527777777779,2.651315789473684,36.646111111111104,80.99055555555555,48929.4,-0.96,121.14942528735632,46.237707161821746,77.61906143020059
19,Bangladesh,159685.424,7.0,1.5,0.51,0.47,4.37,20.9,90.8,23.0,7893.0,2.882,1.143,75.3,1.9,12.0,59.0,4830.8,-1.26,109.0,0.0,99.6
20,Barbade,286.232,199.0,46.78,14.85,15.33,8.62,63.62410714285714,1.0,22.0,6860.0,3.287892215568862,0.8727100591715976,36.91527777777779,2.651315789473684,49.3,87.7,16199.0,0.97,124.0,11.76470588235294,88.23529411764706
21,Bélarus,9450.231,95.0,27.98,6.06,9.41,5.65,63.5,1.0,45.0,1823.0,3.177,0.826,2.1,2.6,49.0,89.0,18356.1,-0.05,132.0,7.9245283018867925,174.7169811320755
22,Belgique,11419.748,44.0,12.65,2.71,4.57,7.09,63.62410714285714,7.5,266.0,261.0,2.862,0.745,0.3,11.8,57.7,98.3,50442.3,0.43,149.0,222.3684210526316,304.60526315789474
23,Belize,375.769,110.0,25.69,8.37,8.26,6.6,85.0,1.0,75.0,8631.0,2.476,0.776,50.9,2.651315789473684,27.4,69.0,8873.8,0.04,121.0,0.0,105.26315789473684
24,Bénin,11175.198,37.0,14.4,1.71,4.98,1.47,39.0,24.6,43.0,4702.0,3.55,1.168,90.6,2.651315789473684,13.3,64.3,2933.8,0.03,120.0,76.3975155279503,11.180124223602485
25,Bermudes,63.049,74.48554913294798,20.19838150289017,4.891791907514452,7.117803468208093,6.1033333333,63.62410714285714,1.1,5.0,5744.0,4.072,0.502,36.91527777777779,2.651315789473684,36.646111111111104,80.99055555555555,81835.0,1.0,121.14942528735632,46.237707161821746,77.61906143020059
26,Bhoutan,745.563,74.48554913294798,20.19838150289017,4.891791907514452,7.117803468208093,3.725,63.62410714285714,1.0,64.0,7543.0,4.383,1.191,51.2,2.651315789473684,36.646111111111104,80.99055555555555,10986.9,1.12,121.14942528735632,46.237707161821746,77.61906143020059
27,Bolivie (État plurinational de),11192.855,155.0,36.0,11.91,11.43,3.65,40.6,1.0,15.0,10004.0,3.551,1.046,20.9,2.651315789473684,35.0,73.7,8244.9,-0.28,105.0,0.2331002331002331,124.24242424242425
28,"Bonaire, Saint-Eustache et Saba",25.401,74.48554913294798,20.19838150289017,4.891791907514452,7.117803468208093,7.600097107956544,63.62410714285714,22.801304347826086,88.00962566844919,5164.849137931034,3.287892215568862,0.8727100591715976,36.91527777777779,2.651315789473684,36.646111111111104,80.99055555555555,20818.325531914892,-0.06223350253807105,121.14942528735632,46.237707161821746,77.61906143020059
29,Bosnie-Herzégovine,3351.525,56.0,16.7,3.51,5.66,20.53,58.1,46.5,48.0,1377.0,3.847,0.921,4.7,0.8,36.7,98.0,13400.0,-0.35,129.0,18.181818181818183,110.9090909090909
30,Botswana,2205.08,12.0,3.39,0.71,1.19,20.744,11.9,1.0,16.0,1347.0,3.622,1.097,63.2,0.2,28.0,70.7,14656.8,1.02,103.0,42.857142857142854,71.42857142857143
31,Brésil,207833.823,204.0,48.03,15.34,15.68,12.79,38.9,1.0,15.0,8495.0,2.809,0.635,19.6,2.651315789473684,53.3,94.3,14477.9,-0.47,133.0,0.030054097375275493,142.2660789420958
32,Brunéi Darussalam,424.473,74.48554913294798,20.19838150289017,4.891791907514452,7.117803468208093,9.32,63.62410714285714,75.1,0.0,8705.0,4.126,1.123,36.91527777777779,2.651315789473684,36.646111111111104,80.99055555555555,60173.1,1.16,121.14942528735632,46.237707161821746,77.61906143020059
33,Bulgarie,7102.444,81.0,22.06,4.9,8.74,6.16,57.5,14.2,99.0,1179.0,3.78,0.963,10.6,3.6,41.0,84.3,21470.0,0.33,113.0,68.78980891719745,68.15286624203821
34,Burkina Faso,19193.234,8.0,2.27,0.48,0.77,5.585,55.0,62.7,23.0,1755.0,3.173,1.145,83.0,0.2,11.0,79.0,1978.2,-0.93,120.0,0.0,100.0
35,Burundi,10827.019,74.48554913294798,20.19838150289017,4.891791907514452,7.117803468208093,1.0266666667,33.2,4.2,202.0,4065.0,2.988,1.112,95.8,2.651315789473684,2.0,40.7,750.8,-2.01,121.14942528735632,46.237707161821746,77.61906143020059
36,Cabo Verde,537.498,62.0,17.62,3.75,6.52,12.24,108.5,2.9,52.0,6355.0,3.358,0.779,44.5,2.651315789473684,25.7,70.3,6320.3,0.77,100.0,120.0,10.0
37,Cabo Verde,537.498,62.0,17.62,3.75,6.52,7.600097107956544,63.62410714285714,1.0,52.0,4439.0,3.358,0.779,44.5,2.651315789473684,25.7,70.3,6320.3,0.77,100.0,120.0,10.0
38,Cambodge,16009.409,11.0,2.34,0.85,0.74,0.14,78.4,2.0,37.0,9913.0,3.618,1.226,36.91527777777779,2.651315789473684,19.0,65.7,3972.7,0.09,118.0,26.31578947368421,73.68421052631578
39,Cameroun,24566.073,11.0,3.16,0.67,1.07,3.53,36.1,19.3,15.0,5067.0,2.616,0.837,59.2,0.2,11.3,72.0,3691.1,-1.1,124.0,0.0,98.78048780487805
40,Canada,36732.095,154.0,39.02,10.54,13.86,6.43,63.62410714285714,2.8,64.0,5632.0,2.863,0.766,0.7,0.5,56.4,104.4,48317.2,1.1,144.0,12.70062805303559,98.8834612700628
41,Chili,18470.439,153.0,36.36,11.22,12.21,6.95,63.62410714285714,1.0,42.0,1623.0,3.053,0.765,4.6,0.3,48.3,91.4,24546.9,0.42,123.0,23.065476190476193,105.95238095238095
42,Chine - RAS de Hong-Kong,7306.322,210.0,53.51,12.7,22.26,3.12,63.62410714285714,2.1,334.0,9610.0,3.659,1.034,36.91527777777779,2.651315789473684,95.7,131.0,59842.2,0.83,128.0,323.92857142857144,8.571428571428571
43,Chine - RAS de Macao,622.585,142.0,34.47,10.08,11.9,1.99,63.62410714285714,1.0,0.0,8198.0,3.287892215568862,0.8727100591715976,36.91527777777779,2.651315789473684,68.4,107.0,122978.0,1.43,130.0,121.05263157894737,15.789473684210526
44,"Chine, continentale",1421021.791,59.0,12.33,4.67,3.96,3.9,15.4,2.0,303.0,8198.0,2.571,0.672,16.6,1.0,40.0,103.7,14243.5,-0.06223350253807105,132.0,2.4888497329442214,100.41297285391772
45,"Chine, Taiwan Province de",23674.546,126.0,33.17,8.7,11.01,7.600097107956544,63.62410714285714,1.0,88.00962566844919,9802.0,3.99,0.911,0.2,2.651315789473684,42.3,83.7,20818.325531914892,-0.06223350253807105,117.0,20.50955414012739,83.05732484076434
46,Chypre,1179.678,91.0,25.08,5.54,9.58,11.16,63.62410714285714,25.0,129.0,2945.0,2.846,0.697,0.1,2.651315789473684,46.0,91.7,38415.1,0.54,117.0,36.84210526315789,65.78947368421053
47,Colombie,48909.839,111.0,31.99,7.69,9.57,9.09,56.2,1.0,20.0,8611.0,2.863,0.798,24.8,2.651315789473684,36.3,70.4,14334.9,-0.77,130.0,4.747413268411442,95.19172245891662
48,Comores,813.892,74.48554913294798,20.19838150289017,4.891791907514452,7.117803468208093,7.0,25.5,98.3,115.0,7819.0,3.287892215568862,0.8727100591715976,36.91527777777779,2.651315789473684,14.3,55.0,3240.2,0.04,112.0,46.237707161821746,77.61906143020059
49,Congo,5110.695,72.0,21.53,4.47,7.45,7.600097107956544,70.5,1.2,155.0,6030.0,3.343,0.633,88.6,2.651315789473684,25.0,51.7,4073.9,-0.53,96.0,94.54545454545455,6.363636363636363
50,Costa Rica,4949.954,92.0,26.52,6.36,7.93,7.73,56.4,1.0,24.0,8895.0,3.961,0.863,16.0,2.651315789473684,45.0,80.0,20168.2,0.61,123.0,12.686567164179104,99.25373134328358
51,Côte d'Ivoire,24437.47,8.0,2.53,0.53,0.86,3.27,44.0,37.2,51.0,4719.0,3.273,1.111,77.7,0.2,14.0,60.4,4750.9,-1.09,126.0,10.76923076923077,89.23076923076924
52,Croatie,4182.857,37.0,10.77,2.2,4.06,11.21,63.62410714285714,1.6,99.0,1078.0,4.168,0.955,6.2,3.0,53.0,90.3,27207.0,0.69,125.0,53.333333333333336,135.55555555555557
53,Cuba,11339.254,82.0,23.72,5.7,7.12,1.7,63.62410714285714,1.0,34.0,7699.0,3.287892215568862,0.8727100591715976,36.91527777777779,2.651315789473684,33.0,86.3,20818.325531914892,0.65,140.0,91.22807017543859,8.47953216374269
54,Curaçao,161.997,74.48554913294798,20.19838150289017,4.891791907514452,7.117803468208093,13.97,63.62410714285714,1.0,88.00962566844919,7000.0,2.866,0.673,36.91527777777779,2.651315789473684,36.646111111111104,80.99055555555555,20818.325531914892,-0.06223350253807105,121.14942528735632,46.237707161821746,77.61906143020059
55,Danemark,5732.274,112.0,28.98,6.34,12.97,5.83,63.62410714285714,5.1,180.0,1024.0,2.376,0.498,0.2,2.651315789473684,77.0,115.3,55356.7,0.87,133.0,79.64071856287424,103.59281437125749
56,Djibouti,944.099,9.0,2.68,0.59,0.92,26.06,97.7,96.9,56.0,5577.0,2.797,0.988,65.8,2.651315789473684,15.0,68.7,4451.7,-0.74,105.0,100.0,77.61906143020059
57,Dominique,71.458,150.0,35.19,11.26,11.52,7.600097107956544,69.1,1.0,75.0,6805.0,4.0,0.841,36.91527777777779,2.651315789473684,46.3,81.0,11511.6,1.2,119.0,100.0,0.0
58,Égypte,96442.591,50.0,12.96,3.42,4.51,11.77,36.6,95.3,14.0,3205.0,3.457,1.209,67.4,2.651315789473684,24.7,97.0,10435.9,-1.42,135.0,8.799999999999999,89.44
59,El Salvador,6388.126,71.0,20.43,4.9,6.25,4.39,74.4,1.0,53.0,8956.0,3.287892215568862,0.8727100591715976,36.91527777777779,2.651315789473684,26.3,75.3,8617.9,-0.26,119.0,12.213740458015266,103.81679389312977
60,Émirats arabes unis,9487.203,147.0,43.47,9.25,14.8,2.46,63.62410714285714,75.0,41.0,5229.0,2.755,0.856,0.1,2.651315789473684,34.3,82.0,71182.4,0.62,120.0,105.09708737864078,11.650485436893204
61,Équateur,16785.361,83.0,19.31,6.35,6.15,3.84,55.7,1.0,25.0,9337.0,2.788,0.753,17.6,2.651315789473684,30.7,62.3,11679.4,-0.07,111.0,0.0,99.70674486803519
62,Érythrée,3412.893,74.48554913294798,20.19838150289017,4.891791907514452,7.117803468208093,7.600097107956544,63.62410714285714,36.6,58.0,4977.0,3.287892215568862,0.8727100591715976,36.91527777777779,2.651315789473684,36.646111111111104,80.99055555555555,20818.325531914892,-0.73,121.14942528735632,46.237707161821746,77.61906143020059
63,Espagne,46647.428,105.0,30.39,5.72,12.47,17.22,63.62410714285714,3.3,97.0,1052.0,2.699,0.623,1.7,3.1,66.7,107.7,39528.9,0.28,133.0,13.694054776219106,101.20240480961924
64,Estonie,1319.39,86.0,21.26,6.03,7.27,5.76,63.62410714285714,1.0,112.0,1853.0,3.125,0.752,1.0,2.3,63.7,102.7,33821.9,0.65,123.0,72.41379310344827,68.96551724137932
65,Eswatini,1124.805,22.0,6.46,1.37,2.23,22.72,25.3,22.801304347826086,14.0,8600.0,3.428,1.136,77.1,2.651315789473684,18.0,59.7,8213.9,-0.27,107.0,28.57142857142857,85.71428571428571
66,États-Unis d'Amérique,325084.756,219.0,55.68,14.83,19.93,4.36,63.62410714285714,1.1,118.5,6151.0,3.225,0.557,2.0,1.5,73.0,113.3,59914.8,0.29,149.0,0.6733822402277456,119.97153180773022
67,Éthiopie,106399.924,0.0,0.13,0.03,0.04,3.09,27.1,35.9,14.0,5558.0,3.108,0.882,85.8,0.1,6.0,72.3,1988.0,-1.68,111.0,7.142857142857142,100.0
68,Fédération de Russie,145530.082,104.0,30.98,6.55,10.44,5.21,27.8,11.4,33.0,2486.0,3.149,0.98,3.3,0.5,54.0,102.0,25926.4,-0.64,136.0,4.960491659350307,97.54170324846356
69,Fidji,877.459,97.0,28.02,6.26,9.44,5.245,46.5,6.3,5.0,6541.0,3.612,1.001,44.9,2.651315789473684,31.3,73.0,12822.0,0.62,112.0,11.538461538461538,88.46153846153845
70,Finlande,5511.371,68.0,18.76,3.76,7.87,8.64,63.62410714285714,1.3,155.0,1905.0,2.545,0.543,0.1,1.8,74.3,117.7,47570.1,1.08,129.0,14.414414414414415,116.21621621621621
71,France,64842.509,92.0,22.9,6.03,8.95,9.41,63.62410714285714,8.3,112.5,0.0,2.936,0.64,0.1,5.3,63.7,108.7,44577.1,0.28,145.0,32.16783216783217,111.25238397965671
72,Gabon,2064.823,99.0,29.33,5.98,10.59,7.600097107956544,45.3,12.2,18.0,5421.0,3.358,0.735,28.5,0.3,39.3,81.0,14478.1,-0.1,111.0,97.43589743589743,5.128205128205128
73,Gambie,2213.889,12.0,3.53,0.75,1.24,4.13,53.0,95.3,50.0,4294.0,2.942,0.589,72.6,2.651315789473684,17.3,63.6,1927.0,-0.08,107.0,200.0,25.0
74,Géorgie,4008.716,51.0,15.27,3.21,5.19,13.94,124.8,11.6,31.0,3362.0,3.287892215568862,0.8727100591715976,36.91527777777779,1.8,30.3,78.7,13589.7,-0.37,127.0,83.60655737704919,36.0655737704918
75,Ghana,29121.465,16.0,7.24,0.73,2.26,3.37,47.8,17.5,21.0,4811.0,3.767,1.235,80.0,2.651315789473684,14.7,60.0,4929.6,0.09,126.0,71.56398104265402,28.436018957345972
76,Gibraltar,33.728,74.48554913294798,20.19838150289017,4.891791907514452,7.117803468208093,7.600097107956544,63.62410714285714,4.0,88.00962566844919,1544.0,3.287892215568862,0.8727100591715976,36.91527777777779,2.651315789473684,36.646111111111104,80.99055555555555,20818.325531914892,-0.06223350253807105,121.14942528735632,46.237707161821746,77.61906143020059
77,Grèce,10569.45,53.0,15.32,2.89,6.32,21.41,63.62410714285714,5.9,174.0,2093.0,3.037,0.797,3.8,1.7,59.0,106.3,28604.9,-0.07,134.0,44.38202247191011,138.20224719101125
78,Grenade,110.874,192.0,45.7,13.99,15.5,23.866666667,67.9,1.0,74.0,7099.0,5.382,1.335,36.91527777777779,2.651315789473684,42.3,72.3,14870.0,1.01,121.14942528735632,87.5,12.5
79,Groenland,56.481,74.48554913294798,20.19838150289017,4.891791907514452,7.117803468208093,10.13,63.62410714285714,1.0,5.0,2000.0,3.287892215568862,0.8727100591715976,36.91527777777779,2.651315789473684,36.646111111111104,80.99055555555555,20818.325531914892,1.92,121.14942528735632,46.237707161821746,77.61906143020059
80,Guadeloupe,399.672,74.48554913294798,20.19838150289017,4.891791907514452,7.117803468208093,7.600097107956544,63.62410714285714,1.0,88.00962566844919,7000.0,3.287892215568862,0.8727100591715976,36.91527777777779,2.651315789473684,36.646111111111104,80.99055555555555,20818.325531914892,-0.06223350253807105,121.14942528735632,46.237707161821746,77.61906143020059
81,Guam,164.281,74.48554913294798,20.19838150289017,4.891791907514452,7.117803468208093,8.2583333333,63.62410714285714,1.0,88.00962566844919,2132.0,3.287892215568862,0.8727100591715976,36.91527777777779,2.651315789473684,36.646111111111104,80.99055555555555,20818.325531914892,-0.06223350253807105,121.14942528735632,46.237707161821746,77.61906143020059
82,Guatemala,16914.97,71.0,20.58,4.95,6.11,2.46,32.0,1.0,42.0,8971.0,3.287892215568862,0.8727100591715976,36.91527777777779,2.651315789473684,21.3,69.3,8322.2,-0.65,118.0,36.134453781512605,65.82633053221288
83,Guinée,12067.519,14.0,4.08,0.84,1.42,5.02,33.6,84.6,68.0,4613.0,3.655,0.559,88.5,2.651315789473684,11.0,56.7,2383.6,-0.7,123.0,74.0,26.0
84,Guinée équatoriale,1262.002,74.48554913294798,20.19838150289017,4.891791907514452,7.117803468208093,7.600097107956544,63.62410714285714,4.0,6.0,5042.0,3.526,0.804,36.91527777777779,2.651315789473684,36.646111111111104,80.99055555555555,19617.8,-0.17,121.14942528735632,46.237707161821746,77.61906143020059
85,Guinée-Bissau,1828.145,7.0,2.16,0.46,0.74,3.2,67.8,46.1,259.0,4425.0,3.164,0.569,84.4,2.651315789473684,9.0,43.0,1872.3,-0.5,93.0,100.0,75.0
86,Guyana,775.222,165.0,38.34,12.55,12.33,13.77,26.6,6.1,42.0,7293.0,4.629,0.922,45.0,2.651315789473684,36.0,89.7,12193.6,-0.04,131.0,0.0,96.875
87,Guyane française,275.191,74.48554913294798,20.19838150289017,4.891791907514452,7.117803468208093,7.600097107956544,63.62410714285714,1.3,88.00962566844919,7000.0,3.287892215568862,0.8727100591715976,36.91527777777779,2.651315789473684,36.646111111111104,80.99055555555555,20818.325531914892,-0.06223350253807105,121.14942528735632,46.237707161821746,77.61906143020059
88,Haïti,10982.366,31.0,8.91,2.11,2.75,11.25,12.4,1.0,5.0,7337.0,3.93,1.583,84.7,2.651315789473684,10.0,49.0,3187.8,-0.67,92.0,90.81632653061224,9.183673469387756
89,Honduras,9429.013,93.0,21.73,7.11,6.98,5.53,45.3,1.0,23.0,8779.0,3.36,1.083,48.5,2.651315789473684,20.3,61.3,5447.7,-0.56,114.0,5.853658536585367,94.14634146341463
90,Hongrie,9729.823,104.0,25.27,6.93,9.8,4.16,63.62410714285714,1.0,115.0,1246.0,3.302,0.805,3.7,8.3,49.7,88.0,29501.1,0.81,128.0,21.804511278195488,185.33834586466165
91,Île de Man,83.598,74.48554913294798,20.19838150289017,4.891791907514452,7.117803468208093,1.99,63.62410714285714,1.0,88.00962566844919,750.0,3.287892215568862,0.8727100591715976,36.91527777777779,2.651315789473684,36.646111111111104,80.99055555555555,20818.325531914892,-0.06223350253807105,121.14942528735632,46.237707161821746,77.61906143020059
92,Îles Anglo-Normandes,168.665,74.48554913294798,20.19838150289017,4.891791907514452,7.117803468208093,7.600097107956544,63.62410714285714,1.0,88.00962566844919,500.0,3.287892215568862,0.8727100591715976,36.91527777777779,2.651315789473684,36.646111111111104,80.99055555555555,20818.325531914892,-0.06223350253807105,121.14942528735632,46.237707161821746,77.61906143020059
93,Îles Caïmanes,63.382,74.48554913294798,20.19838150289017,4.891791907514452,7.117803468208093,5.07,63.62410714285714,1.0,7.0,7935.0,2.928,0.585,36.91527777777779,2.651315789473684,36.646111111111104,80.99055555555555,20818.325531914892,-0.06223350253807105,121.14942528735632,46.237707161821746,77.61906143020059
94,Îles Cook,17.507,74.48554913294798,20.19838150289017,4.891791907514452,7.117803468208093,7.600097107956544,63.62410714285714,1.0,88.00962566844919,6514.0,3.287892215568862,0.8727100591715976,36.91527777777779,2.651315789473684,36.646111111111104,80.99055555555555,20818.325531914892,-0.06223350253807105,121.14942528735632,46.237707161821746,77.61906143020059
95,Îles Falkland (Malvinas),3.068,74.48554913294798,20.19838150289017,4.891791907514452,7.117803468208093,7.600097107956544,63.62410714285714,1.0,88.00962566844919,6000.0,3.287892215568862,0.8727100591715976,36.91527777777779,2.651315789473684,36.646111111111104,80.99055555555555,20818.325531914892,-0.06223350253807105,121.14942528735632,46.237707161821746,77.61906143020059
96,Îles Féroé,48.331,74.48554913294798,20.19838150289017,4.891791907514452,7.117803468208093,4.1,63.62410714285714,1.0,88.00962566844919,1564.0,3.287892215568862,0.8727100591715976,36.91527777777779,2.651315789473684,36.646111111111104,80.99055555555555,20818.325531914892,-0.06223350253807105,121.14942528735632,46.237707161821746,77.61906143020059
97,Îles Mariannes du Nord,56.562,74.48554913294798,20.19838150289017,4.891791907514452,7.117803468208093,3.83,63.62410714285714,1.0,88.00962566844919,1911.0,3.287892215568862,0.8727100591715976,36.91527777777779,2.651315789473684,36.646111111111104,80.99055555555555,20818.325531914892,-0.06223350253807105,121.14942528735632,46.237707161821746,77.61906143020059
98,Îles Marshall,58.058,74.48554913294798,20.19838150289017,4.891791907514452,7.117803468208093,8.08,63.62410714285714,1.0,54.0,3660.0,3.287892215568862,0.8727100591715976,36.91527777777779,2.651315789473684,36.646111111111104,80.99055555555555,4634.9,0.87,121.14942528735632,46.237707161821746,77.61906143020059
99,Îles Salomon,636.039,18.0,4.45,1.31,1.51,0.69,29.2,1.0,44.0,5128.0,3.287892215568862,0.8727100591715976,36.91527777777779,2.651315789473684,15.3,53.3,2625.1,0.2,106.0,200.0,0.0
100,Îles Turques-et-Caïques,37.115,74.48554913294798,20.19838150289017,4.891791907514452,7.117803468208093,7.600097107956544,63.62410714285714,1.0,88.00962566844919,6000.0,2.809,0.645,36.91527777777779,2.651315789473684,36.646111111111104,80.99055555555555,20818.325531914892,-0.06223350253807105,121.14942528735632,46.237707161821746,77.61906143020059
101,Îles Vierges américaines,104.751,74.48554913294798,20.19838150289017,4.891791907514452,7.117803468208093,7.600097107956544,63.62410714285714,1.0,88.00962566844919,6813.0,3.287892215568862,0.8727100591715976,36.91527777777779,2.651315789473684,36.646111111111104,80.99055555555555,20818.325531914892,-0.06223350253807105,121.14942528735632,46.237707161821746,77.61906143020059
102,Îles Vierges britanniques,29.577,74.48554913294798,20.19838150289017,4.891791907514452,7.117803468208093,7.600097107956544,63.62410714285714,1.2,88.00962566844919,6000.0,3.235,0.828,36.91527777777779,2.651315789473684,36.646111111111104,80.99055555555555,20818.325531914892,-0.06223350253807105,121.14942528735632,46.237707161821746,77.61906143020059
103,Îles Wallis-et-Futuna,11.9,74.48554913294798,20.19838150289017,4.891791907514452,7.117803468208093,7.600097107956544,63.62410714285714,1.0,88.00962566844919,6000.0,3.287892215568862,0.8727100591715976,36.91527777777779,2.651315789473684,36.646111111111104,80.99055555555555,20818.325531914892,-0.06223350253807105,121.14942528735632,46.237707161821746,77.61906143020059
104,Inde,1338676.785,7.0,2.22,0.47,0.75,6.226,19.6,15.4,15.0,6570.0,2.824,0.892,78.8,2.0,14.3,64.0,6112.1,-0.76,109.0,0.0,96.83146681234635
105,Indonésie,264650.963,25.0,7.19,1.61,2.42,3.78,36.1,87.0,28.0,1546.0,4.129,0.929,72.8,0.2,22.7,67.7,10941.9,-0.5,127.0,0.04304778303917348,99.05294877313818
106,Iran (République islamique d'),80673.883,96.0,27.52,5.99,9.8,12.23,63.62410714285714,99.0,4.0,4000.0,3.005,0.704,14.4,0.5,25.0,84.0,15163.3,-0.93,122.0,0.2702702702702703,97.92792792792793
107,Iraq,37552.781,52.0,14.95,3.23,5.37,13.02,12.3,99.0,64.0,4000.0,3.378,0.999,16.8,2.651315789473684,14.3,63.7,9976.9,-2.31,116.0,83.03886925795054,16.96113074204947
108,Irlande,4753.279,100.0,25.82,5.66,11.6,6.71,63.62410714285714,1.5,1103.0,776.0,2.397,0.523,0.4,2.7,68.0,114.4,77749.2,1.0,157.0,77.34375,85.9375
109,Islande,334.393,104.0,29.95,5.7,12.33,2.74,63.62410714285714,1.0,35.0,2223.0,2.213,0.596,0.0,2.651315789473684,103.0,143.0,55638.5,1.35,135.0,20.0,100.0
110,Israël,8243.848,234.0,67.39,12.83,27.87,4.14,63.62410714285714,20.1,42.0,3325.0,2.436,0.842,1.9,6.8,74.7,125.7,39121.3,-0.89,157.0,0.0,98.89937106918238
111,Italie,60673.701,65.0,18.88,3.48,7.83,11.21,63.62410714285714,4.9,108.0,1119.0,2.885,0.778,2.8,5.6,54.0,104.0,41581.1,0.31,141.0,8.269394714407502,112.10571184995737
112,Jamaïque,2920.848,178.0,51.1,12.18,15.71,7.4,133.9,1.0,92.0,7707.0,5.975,1.144,57.9,2.651315789473684,36.0,73.3,9984.6,0.31,114.0,20.394736842105264,84.21052631578947
113,Japon,127502.725,67.0,18.5,3.95,7.24,2.82,63.62410714285714,1.0,45.0,9694.0,5.529,0.887,2.7,2.651315789473684,47.7,86.0,41444.2,1.11,111.0,44.26501035196687,91.7184265010352
114,Jordanie,9785.843,98.0,28.07,6.04,10.1,18.12,92.9,97.1,20.0,3360.0,3.412,1.288,6.1,2.651315789473684,24.0,69.3,9629.1,-0.45,115.0,23.272727272727273,76.36363636363637
115,Kazakhstan,18080.019,61.0,18.27,3.86,6.18,4.9,95.9,72.0,68.0,4751.0,2.391,0.672,2.5,0.6,55.0,100.0,24863.0,0.03,139.0,52.567975830815705,51.66163141993958
116,Kenya,50221.142,2.0,0.67,0.14,0.23,4.4866666667,37.9,10.5,25.0,6469.0,2.846,0.935,77.4,2.651315789473684,15.0,61.0,4312.9,-1.13,99.0,0.0,100.0
117,Kirghizistan,6189.733,11.0,3.1,0.73,1.08,2.65,115.8,89.4,81.0,5418.0,2.97,0.796,56.3,0.2,34.0,83.7,5046.7,-0.38,118.0,78.125,21.875
118,Kiribati,114.158,63.0,17.98,3.81,6.65,9.62,63.62410714285714,1.0,14.0,4318.0,3.287892215568862,0.8727100591715976,36.91527777777779,2.651315789473684,36.7,71.0,1962.3,0.88,119.0,50.0,50.0
119,Koweït,4056.099,156.0,46.25,9.79,15.87,2.015,63.62410714285714,70.7,43.0,4401.0,3.344,1.024,36.91527777777779,2.651315789473684,48.0,99.7,50007.3,-0.05,137.0,72.4867724867725,29.629629629629626
120,Lesotho,2091.534,27.0,7.93,1.71,2.72,20.73,63.9,1.0,30.0,9024.0,3.77,1.172,83.2,2.651315789473684,19.0,63.7,2571.7,-0.19,93.0,88.23529411764706,11.76470588235294
121,Lettonie,1951.097,72.0,20.89,4.53,7.22,8.72,63.62410714285714,1.0,155.0,6337.0,3.124,0.794,3.4,2.9,58.3,100.4,28673.6,0.46,131.0,104.8780487804878,80.48780487804879
122,Liban,6819.373,38.0,10.74,2.33,3.9,11.3,381.7,61.2,88.0,3185.0,3.287892215568862,0.8727100591715976,36.91527777777779,2.651315789473684,22.6,69.7,17808.1,-1.63,135.0,17.80821917808219,87.67123287671232
123,Libéria,4702.226,36.0,10.67,2.25,3.74,5.95,56.4,11.7,590.0,4880.0,4.018,0.685,91.8,2.651315789473684,10.7,41.3,1533.4,-0.33,99.0,96.0,30.0
124,Libye,6580.724,74.48554913294798,20.19838150289017,4.891791907514452,7.117803468208093,7.600097107956544,63.62410714285714,96.6,9.0,1987.0,3.287892215568862,0.8727100591715976,36.91527777777779,2.651315789473684,31.0,82.7,24212.9,-2.36,135.0,46.237707161821746,77.61906143020059
125,Liechtenstein,37.8,74.48554913294798,20.19838150289017,4.891791907514452,7.117803468208093,0.71,63.62410714285714,5.0,0.0,566.0,3.287892215568862,0.8727100591715976,36.91527777777779,2.651315789473684,36.646111111111104,80.99055555555555,20818.325531914892,-0.06223350253807105,121.14942528735632,46.237707161821746,77.61906143020059
126,Lituanie,2845.414,96.0,28.19,6.03,9.74,7.07,63.62410714285714,1.0,76.0,1695.0,3.003,0.702,3.3,2.9,75.3,125.0,33761.9,0.78,134.0,53.65853658536586,143.90243902439025
127,Luxembourg,591.91,69.0,18.33,4.28,7.19,5.52,63.62410714285714,2.3,3443.0,288.0,2.492,0.656,0.4,10.6,67.6,109.3,114986.0,1.33,131.0,100.0,0.0
128,Macédoine du Nord,2081.996,68.0,19.73,4.17,7.01,22.81,82.0,43.6,60.0,1665.0,3.318,0.949,20.1,2.7,35.3,82.7,15706.5,-0.25,120.0,97.5609756097561,4.878048780487805
129,Madagascar,25570.512,14.0,2.87,1.13,0.97,3.795,37.3,3.1,36.0,8740.0,2.987,1.02,97.1,2.651315789473684,9.0,42.7,1548.2,-0.3,87.0,0.0,98.78048780487805
130,Malaisie,31104.646,142.0,39.21,9.65,12.95,3.41,63.62410714285714,66.1,31.0,402.0,3.224,0.83,3.0,0.8,43.7,77.0,25935.1,0.12,115.0,4.194941394201111,106.35410240592226
131,Malawi,17670.196,17.0,5.17,1.09,1.74,3.54,25.7,12.8,24.0,7624.0,2.724,1.085,94.5,2.651315789473684,12.7,69.7,1454.8,-0.25,121.0,0.0,132.6530612244898
132,Maldives,496.402,47.0,13.5,2.94,4.7,4.0375,86.8,98.4,50.0,8269.0,3.581,0.906,3.4,2.651315789473684,52.8,85.1,18973.6,0.23,121.14942528735632,100.0,77.61906143020059
133,Mali,18512.43,9.0,2.83,0.6,0.96,7.41,34.8,94.6,88.0,4128.0,2.9,1.003,77.3,2.651315789473684,18.0,80.0,2153.8,-1.91,130.0,1.9230769230769231,92.3076923076923
134,Malte,437.933,103.0,27.17,5.41,12.68,4.0,63.62410714285714,1.0,72.0,1746.0,3.494,0.795,0.3,2.651315789473684,64.3,113.0,43508.8,1.25,125.0,64.28571428571429,28.57142857142857
135,Maroc,35581.255,70.0,20.96,4.35,7.29,11.335714286,50.1,99.0,67.0,1811.0,2.71,0.798,17.7,0.5,27.3,99.7,7921.6,-0.37,143.0,0.40214477211796246,102.14477211796248
136,Martinique,375.948,74.48554913294798,20.19838150289017,4.891791907514452,7.117803468208093,7.600097107956544,63.62410714285714,1.0,88.00962566844919,6700.0,3.287892215568862,0.8727100591715976,36.91527777777779,2.651315789473684,36.646111111111104,80.99055555555555,20818.325531914892,-0.06223350253807105,121.14942528735632,46.237707161821746,77.61906143020059
137,Maurice,1264.499,128.0,37.93,8.05,13.06,6.75,108.7,17.4,52.0,9392.0,3.313,0.876,10.9,2.651315789473684,39.3,86.0,22148.6,0.97,122.0,4.081632653061225,97.95918367346938
138,Mauritanie,4282.57,11.0,5.14,0.51,1.59,10.34,59.2,99.0,88.00962566844919,3782.0,3.451,0.96,61.7,0.1,29.7,81.3,5259.1,-0.63,132.0,109.09090909090908,22.727272727272727
139,Mayotte,252.957,74.48554913294798,20.19838150289017,4.891791907514452,7.117803468208093,7.600097107956544,63.62410714285714,98.6,88.00962566844919,7800.0,3.287892215568862,0.8727100591715976,36.91527777777779,2.651315789473684,36.646111111111104,80.99055555555555,20818.325531914892,-0.06223350253807105,121.14942528735632,46.237707161821746,77.61906143020059
140,Mexique,124777.324,123.0,32.52,9.27,9.26,3.42,48.0,1.0,20.0,9177.0,2.993,0.766,24.3,2.651315789473684,44.3,90.3,20032.4,-0.8,135.0,23.038634747570512,77.00876985067552
141,Micronésie (États fédérés de),111.459,74.48554913294798,20.19838150289017,4.891791907514452,7.117803468208093,8.86,63.62410714285714,1.0,25.0,3347.0,3.287892215568862,0.8727100591715976,36.91527777777779,2.651315789473684,36.646111111111104,80.99055555555555,3522.3,1.18,121.14942528735632,46.237707161821746,77.61906143020059
142,Monaco,38.392,74.48554913294798,20.19838150289017,4.891791907514452,7.117803468208093,4.965,63.62410714285714,1.0,260.0,691.0,3.287892215568862,0.8727100591715976,36.91527777777779,2.651315789473684,36.646111111111104,80.99055555555555,20818.325531914892,-0.06223350253807105,121.14942528735632,46.237707161821746,77.61906143020059
143,Mongolie,3113.786,9.0,2.77,0.59,0.95,6.36,260.7,3.4,41.0,7030.0,4.544,0.756,58.5,0.1,64.0,93.7,11431.5,0.79,118.0,111.11111111111111,0.0
144,Monténégro,627.563,55.0,15.98,3.37,5.79,16.08,177.9,20.3,24.0,1489.0,3.397,0.862,15.9,1.8,68.7,112.3,19682.3,-0.06,140.0,80.0,40.0
145,Montserrat,4.984,74.48554913294798,20.19838150289017,4.891791907514452,7.117803468208093,7.600097107956544,63.62410714285714,1.0,88.00962566844919,6700.0,3.287892215568862,0.799,36.91527777777779,2.651315789473684,36.646111111111104,80.99055555555555,20818.325531914892,-0.06223350253807105,121.14942528735632,46.237707161821746,77.61906143020059
146,Mozambique,28649.018,13.0,3.59,0.82,1.2,3.43,398.6,17.2,50.0,8827.0,3.031,0.993,91.2,2.651315789473684,7.3,43.4,1287.2,-0.93,93.0,20.689655172413794,79.3103448275862
147,Myanmar,53382.523,116.0,30.37,8.11,9.93,1.36,22.0,22.801304347826086,17.0,8863.0,3.706,1.029,71.0,2.651315789473684,44.3,95.3,4312.9,-1.08,120.0,0.18007202881152462,99.75990396158463
148,Namibie,2402.633,40.0,11.53,2.38,4.25,20.216,63.62410714285714,1.0,20.0,8058.0,3.255,0.736,55.4,2.651315789473684,22.7,64.7,10335.3,0.63,109.0,103.57142857142858,39.285714285714285
149,Nauru,10.573,74.48554913294798,20.19838150289017,4.891791907514452,7.117803468208093,9.17,63.62410714285714,1.0,88.00962566844919,4408.0,3.287892215568862,0.8727100591715976,36.91527777777779,2.651315789473684,36.646111111111104,80.99055555555555,11746.6,0.52,121.14942528735632,46.237707161821746,77.61906143020059
150,Népal,27632.681,7.0,1.99,0.42,0.67,10.66,24.3,5.0,35.0,7220.0,4.127,1.38,80.3,2.651315789473684,12.3,73.7,3495.5,-0.61,126.0,0.0,100.0
151,Nicaragua,6384.846,93.0,21.59,7.08,6.91,3.3,108.8,1.0,62.0,8877.0,3.191,1.016,32.3,2.651315789473684,19.3,64.3,5915.4,-0.05,113.0,4.3478260869565215,103.6231884057971
152,Niger,21602.382,3.0,0.94,0.2,0.32,7.77,32.8,98.3,79.0,3922.0,2.85,1.138,92.9,2.651315789473684,10.0,83.0,1156.0,-1.27,122.0,14.285714285714285,90.47619047619048
153,Nigéria,190873.244,2.0,1.01,0.1,0.31,8.39,18.0,51.1,5.0,4423.0,3.565,0.994,90.2,2.651315789473684,7.0,60.0,5120.0,-2.0,118.0,0.0,99.5049504950495
154,Nioué,1.609,74.48554913294798,20.19838150289017,4.891791907514452,7.117803468208093,7.600097107956544,63.62410714285714,1.0,88.00962566844919,6585.0,3.287892215568862,0.8727100591715976,36.91527777777779,2.651315789473684,36.646111111111104,80.99055555555555,20818.325531914892,-0.06223350253807105,121.14942528735632,46.237707161821746,77.61906143020059
155,Norvège,5296.326,66.0,19.05,3.61,7.81,4.16,63.62410714285714,4.9,141.0,1338.0,3.325,0.691,0.6,0.7,66.7,113.7,64050.8,1.17,135.0,1.9607843137254901,99.01960784313727
156,Nouvelle-Calédonie,277.15,136.0,38.71,8.42,14.05,11.68,63.62410714285714,2.8,88.00962566844919,6703.0,3.287892215568862,0.8727100591715976,36.91527777777779,2.651315789473684,50.3,86.0,20818.325531914892,-0.06223350253807105,120.0,81.81818181818183,9.090909090909092
157,Nouvelle-Zélande,4702.034,140.0,34.79,9.77,12.02,4.74,63.62410714285714,1.6,127.0,8940.0,2.671,0.739,36.91527777777779,2.651315789473684,53.0,95.0,42218.5,1.6,128.0,0.5952380952380952,132.73809523809524
158,Oman,4665.928,73.0,21.63,4.58,7.38,2.4775,63.62410714285714,85.9,16.0,5598.0,2.815,0.842,36.91527777777779,2.651315789473684,42.0,84.4,34218.4,0.75,123.0,110.5263157894737,6.140350877192982
159,Ouganda,41166.588,5.0,1.52,0.32,0.51,3.64,48.3,12.1,17.0,6103.0,2.749,0.853,84.5,2.651315789473684,10.7,47.3,2128.4,-0.57,96.0,0.0,98.48484848484848
160,Ouzbékistan,31959.785,6.0,1.96,0.4,0.63,5.83,56.2,97.1,11.0,5136.0,3.287892215568862,0.8727100591715976,36.91527777777779,1.0,42.0,99.3,6840.7,-0.24,136.0,46.237707161821746,77.61906143020059
161,Pakistan,207906.209,20.0,5.86,1.25,1.97,3.8911111111,38.2,96.5,33.0,5913.0,3.408,1.019,81.0,1.0,27.7,65.7,4891.7,-2.41,112.0,0.15600624024961,99.9219968798752
162,Palaos,17.808,74.48554913294798,20.19838150289017,4.891791907514452,7.117803468208093,3.2975,63.62410714285714,1.0,0.0,2200.0,3.287892215568862,0.8727100591715976,36.91527777777779,2.651315789473684,36.646111111111104,80.99055555555555,17594.7,0.87,121.14942528735632,46.237707161821746,77.61906143020059
163,Palestine,4747.227,74.48554913294798,20.19838150289017,4.891791907514452,7.117803468208093,25.68,63.62410714285714,97.9,88.00962566844919,3400.0,3.342,1.127,18.0,2.651315789473684,36.646111111111104,80.99055555555555,6401.7,-1.66,121.14942528735632,46.237707161821746,77.61906143020059
164,Panama,4106.769,117.0,33.82,8.02,10.34,5.46,63.62410714285714,1.0,52.0,8644.0,4.225,1.11,17.5,2.651315789473684,44.0,82.1,30526.4,0.39,128.0,10.416666666666668,103.125
165,Papouasie-Nouvelle-Guinée,8438.036,74.48554913294798,20.19838150289017,4.891791907514452,7.117803468208093,5.31,65.5,1.0,16.0,4518.0,3.287892215568862,0.8727100591715976,36.91527777777779,2.651315789473684,36.3,64.3,3966.9,-0.7,100.0,46.237707161821746,77.61906143020059
166,Paraguay,6867.061,22.0,5.99,1.61,1.8,6.14,56.2,1.0,13.0,137.0,3.43,0.809,19.9,2.651315789473684,27.0,68.0,13604.2,0.0,131.0,2.4390243902439024,109.75609756097562
167,Pays-Bas,17021.347,70.0,20.33,3.74,8.48,4.84,63.62410714285714,6.9,74.0,427.0,2.743,0.614,0.4,2.651315789473684,67.3,104.0,55088.6,0.92,127.0,163.44086021505376,295.6989247311828
168,Pérou,31444.298,62.0,13.47,3.72,6.71,3.69,42.2,1.0,22.0,230.0,3.084,0.898,26.6,2.651315789473684,41.7,87.4,12442.7,-0.26,120.0,3.939592908732764,96.19172685489166
169,Philippines,105172.925,48.0,13.87,3.11,4.65,2.55,26.1,5.7,32.0,720.0,3.843,1.095,70.1,2.651315789473684,26.3,62.7,8001.8,-1.19,121.0,16.370808678500985,83.62919132149902
170,Pologne,37953.18,107.0,30.3,6.18,12.14,4.89,63.62410714285714,1.0,54.0,1364.0,2.909,0.584,1.0,5.9,57.3,104.3,29958.1,0.52,137.0,4.757785467128028,203.37370242214533
171,Polynésie française,276.102,167.0,47.4,10.86,16.2,7.600097107956544,63.62410714285714,1.0,88.00962566844919,5673.0,3.287892215568862,0.8727100591715976,36.91527777777779,2.651315789473684,62.0,95.3,20818.325531914892,-0.06223350253807105,114.0,100.0,6.666666666666667
172,Porto Rico,3163.667,74.48554913294798,20.19838150289017,4.891791907514452,7.117803468208093,10.8,63.62410714285714,1.0,88.00962566844919,6890.0,3.287892215568862,0.8727100591715976,36.91527777777779,2.651315789473684,36.646111111111104,80.99055555555555,34363.8,0.48,121.14942528735632,46.237707161821746,77.61906143020059
173,Portugal,10288.527,109.0,30.58,6.02,12.74,8.87,63.62410714285714,1.0,217.0,1450.0,2.513,0.583,1.1,2.8,73.0,115.0,33044.7,1.12,138.0,25.23076923076923,111.07692307692307
174,Qatar,2724.728,74.48554913294798,20.19838150289017,4.891791907514452,7.117803468208093,0.14,63.62410714285714,65.2,55.0,4963.0,2.375,0.679,36.91527777777779,2.651315789473684,36.646111111111104,80.99055555555555,92177.6,0.66,121.14942528735632,46.237707161821746,77.61906143020059
175,République arabe syrienne,17095.678,74.48554913294798,20.19838150289017,4.891791907514452,7.117803468208093,7.600097107956544,63.62410714285714,92.8,13.0,3269.0,3.287892215568862,0.8727100591715976,36.91527777777779,2.651315789473684,20.3,69.7,20818.325531914892,-2.62,116.0,46.237707161821746,77.61906143020059
176,République centrafricaine,4596.023,8.0,2.29,0.48,0.78,7.600097107956544,41.5,9.0,68.0,5170.0,3.423,1.284,94.6,2.651315789473684,20.0,50.7,839.6,-2.01,86.0,36.36363636363637,63.63636363636363
177,République de Corée,51096.415,62.0,16.7,4.21,5.68,3.65,63.62410714285714,1.0,88.00962566844919,8747.0,4.712,1.188,2.2,4.1,51.3,96.7,40957.4,0.39,135.0,16.04215456674473,98.12646370023418
178,République de Moldova,4059.684,55.0,16.14,3.46,5.53,1.62,66.1,1.0,79.0,1970.0,2.46,0.746,3.5,3.4,29.3,71.0,11651.2,-0.32,139.0,24.242424242424242,81.81818181818183
179,République démocratique du Congo,81398.764,74.48554913294798,20.19838150289017,4.891791907514452,7.117803468208093,1.47,19.8,1.5,122.0,6030.0,2.921,1.207,94.2,0.2,3.0,30.3,1023.5,-2.3,103.0,46.237707161821746,77.61906143020059
180,République démocratique populaire lao,6953.035,41.0,10.91,2.81,3.59,3.27,97.2,1.0,91.0,9214.0,3.776,1.105,75.3,2.651315789473684,18.3,75.3,7211.3,0.4,116.0,46.237707161821746,77.61906143020059
181,République dominicaine,10513.104,123.0,35.26,8.46,10.88,5.83,48.8,1.0,25.0,7165.0,3.521,0.898,24.9,2.651315789473684,32.3,64.7,16524.5,0.16,123.0,11.200000000000001,90.4
182,République populaire démocratique de Corée,25429.825,8.0,1.62,0.63,0.49,7.600097107956544,63.62410714285714,1.0,37.0,8952.0,3.287892215568862,0.8727100591715976,36.91527777777779,2.651315789473684,10.0,54.3,20818.325531914892,-0.5,85.0,0.0,100.0
183,République-Unie de Tanzanie,54660.339,6.0,1.88,0.41,0.63,2.61,42.2,34.1,33.0,6500.0,2.598,0.657,85.9,0.3,11.0,60.0,2458.3,-0.56,111.0,1.8518518518518516,97.22222222222221
184,Réunion,876.134,74.48554913294798,20.19838150289017,4.891791907514452,7.117803468208093,7.600097107956544,63.62410714285714,4.2,88.00962566844919,9200.0,3.287892215568862,0.8727100591715976,36.91527777777779,2.651315789473684,36.646111111111104,80.99055555555555,20818.325531914892,-0.06223350253807105,121.14942528735632,46.237707161821746,77.61906143020059
185,Roumanie,19653.969,66.0,19.37,3.65,7.91,4.93,63.62410714285714,1.0,67.0,1867.0,2.921,0.945,11.9,4.5,54.3,108.7,26943.3,0.06,145.0,38.320209973753286,102.88713910761156
186,Royaume-Uni de Grande-Bretagne et d'Irlande du Nord,66727.461,120.0,31.94,6.74,13.77,4.33,63.62410714285714,6.1,400.0,342.0,1.822,0.494,0.5,6.7,58.7,104.3,46372.4,0.39,135.0,34.87018800358102,81.19964189794091
187,Rwanda,11980.961,5.0,1.49,0.31,0.5,11.88,82.9,2.2,88.00962566844919,6235.0,2.609,0.919,87.0,2.651315789473684,7.7,59.7,1935.0,0.09,100.0,0.0,100.0
188,Sahara occidental,552.615,74.48554913294798,20.19838150289017,4.891791907514452,7.117803468208093,7.600097107956544,63.62410714285714,99.0,88.00962566844919,28000.0,3.287892215568862,0.8727100591715976,36.91527777777779,2.651315789473684,36.646111111111104,80.99055555555555,20818.325531914892,-0.06223350253807105,121.14942528735632,46.237707161821746,77.61906143020059
189,Saint-Barthélemy,9.784,74.48554913294798,20.19838150289017,4.891791907514452,7.117803468208093,7.600097107956544,63.62410714285714,22.801304347826086,88.00962566844919,5164.849137931034,3.287892215568862,0.8727100591715976,36.91527777777779,2.651315789473684,36.646111111111104,80.99055555555555,20818.325531914892,-0.06223350253807105,121.14942528735632,46.237707161821746,77.61906143020059
190,"Sainte-Hélène, Ascension et Tristan da Cunha",6.008,74.48554913294798,20.19838150289017,4.891791907514452,7.117803468208093,7.600097107956544,63.62410714285714,1.0,88.00962566844919,6000.0,3.287892215568862,0.8727100591715976,36.91527777777779,2.651315789473684,36.646111111111104,80.99055555555555,20818.325531914892,-0.06223350253807105,121.14942528735632,46.237707161821746,77.61906143020059
191,Sainte-Lucie,180.954,241.0,56.69,17.86,19.0,18.89,51.2,1.0,32.0,6000.0,3.263,0.848,20.9,2.651315789473684,54.3,88.0,15247.5,0.99,121.14942528735632,90.9090909090909,9.090909090909092
192,Saint-Kitts-et-Nevis,52.045,190.0,55.77,11.91,19.22,7.600097107956544,63.62410714285714,1.0,88.00962566844919,6737.0,2.998,0.716,36.91527777777779,2.651315789473684,49.7,78.0,29333.4,0.65,121.14942528735632,100.0,0.0
193,Saint-Marin,33.671,74.48554913294798,20.19838150289017,4.891791907514452,7.117803468208093,7.89,63.62410714285714,1.0,88.00962566844919,949.0,3.287892215568862,0.8727100591715976,36.91527777777779,2.651315789473684,36.646111111111104,80.99055555555555,20818.325531914892,-0.06223350253807105,121.14942528735632,46.237707161821746,77.61906143020059
194,Saint-Martin (partie française),36.56,74.48554913294798,20.19838150289017,4.891791907514452,7.117803468208093,7.600097107956544,63.62410714285714,22.801304347826086,88.00962566844919,6000.0,3.287892215568862,0.8727100591715976,36.91527777777779,2.651315789473684,36.646111111111104,80.99055555555555,20818.325531914892,-0.06223350253807105,121.14942528735632,46.237707161821746,77.61906143020059
195,Saint-Pierre-et-Miquelon,5.887,74.48554913294798,20.19838150289017,4.891791907514452,7.117803468208093,7.600097107956544,63.62410714285714,1.0,88.00962566844919,6000.0,3.287892215568862,0.8727100591715976,36.91527777777779,2.651315789473684,36.646111111111104,80.99055555555555,20818.325531914892,-0.06223350253807105,121.14942528735632,46.237707161821746,77.61906143020059
196,Saint-Siège,0.793,74.48554913294798,20.19838150289017,4.891791907514452,7.117803468208093,7.600097107956544,63.62410714285714,22.801304347826086,88.00962566844919,5164.849137931034,3.287892215568862,0.8727100591715976,36.91527777777779,2.651315789473684,36.646111111111104,80.99055555555555,20818.325531914892,-0.06223350253807105,121.14942528735632,46.237707161821746,77.61906143020059
197,Saint-Vincent-et-les Grenadines,109.827,243.0,72.31,15.06,25.1,7.600097107956544,59.5,1.5,88.00962566844919,6971.0,4.131,0.78,36.91527777777779,2.651315789473684,49.3,88.7,13633.0,0.89,127.0,112.5,0.0
198,Samoa,195.352,217.0,64.77,13.68,21.88,9.4,57.3,1.0,47.0,6040.0,3.287892215568862,0.8727100591715976,36.91527777777779,2.651315789473684,52.3,87.7,6238.8,1.18,121.0,113.33333333333333,0.0
199,Samoa américaines,55.62,74.48554913294798,20.19838150289017,4.891791907514452,7.117803468208093,5.08,63.62410714285714,1.0,88.00962566844919,5164.849137931034,3.287892215568862,0.8727100591715976,36.91527777777779,2.651315789473684,36.646111111111104,80.99055555555555,20818.325531914892,1.22,121.14942528735632,46.237707161821746,77.61906143020059
200,Sao Tomé-et-Principe,207.089,33.0,9.47,2.1,3.21,14.4,55.4,1.0,349.0,5400.0,3.288,1.015,76.6,2.651315789473684,16.7,52.7,3934.9,0.19,105.0,100.0,50.0
201,Sénégal,15419.355,16.0,4.76,1.0,1.61,4.08,107.0,96.6,30.0,4199.0,2.19,0.377,53.5,2.651315789473684,14.3,62.7,3259.2,-0.05,117.0,0.0,100.0
202,Serbie,8829.628,35.0,10.16,2.24,3.5,13.48,67.8,5.0,80.0,1443.0,4.07,0.998,27.2,4.2,41.0,83.7,16611.0,0.09,131.0,13.333333333333334,94.44444444444444
203,Seychelles,96.418,74.48554913294798,20.19838150289017,4.891791907514452,7.117803468208093,3.71,63.62410714285714,1.1,147.0,7828.0,4.01,1.088,9.1,2.651315789473684,51.0,93.4,28116.7,0.79,120.0,46.237707161821746,77.61906143020059
204,Sierra Leone,7488.423,10.0,3.97,0.52,1.24,3.935,60.5,78.5,61.0,4708.0,2.842,0.754,84.2,2.651315789473684,11.0,48.7,1593.5,-0.04,105.0,46.666666666666664,56.666666666666664
205,Singapour,5708.041,74.48554913294798,20.19838150289017,4.891791907514452,7.117803468208093,4.2,63.62410714285714,16.1,10.0,710.0,2.775,0.611,36.91527777777779,2.651315789473684,36.646111111111104,80.99055555555555,95310.3,1.62,121.14942528735632,46.237707161821746,77.61906143020059
206,Sint Maarten  (partie néerlandaise),41.444,74.48554913294798,20.19838150289017,4.891791907514452,7.117803468208093,7.600097107956544,63.62410714285714,1.0,88.00962566844919,6000.0,3.287892215568862,0.8727100591715976,36.91527777777779,2.651315789473684,36.646111111111104,80.99055555555555,20818.325531914892,-0.06223350253807105,121.14942528735632,46.237707161821746,77.61906143020059
207,Slovaquie,5447.9,48.0,13.9,3.04,4.74,8.14,63.62410714285714,1.0,68.0,1088.0,3.013,0.667,2.1,7.4,37.3,68.7,30061.6,0.91,113.0,85.13513513513513,95.94594594594594
208,Slovénie,2076.394,83.0,24.41,5.05,8.72,6.57,63.62410714285714,3.9,108.0,964.0,2.798,0.698,0.1,5.9,51.7,96.7,36507.6,0.87,128.0,38.46153846153847,138.46153846153845
209,Somalie,14589.179,74.48554913294798,20.19838150289017,4.891791907514452,7.117803468208093,18.83,66.7,99.0,88.00962566844919,6602.0,3.287892215568862,0.8727100591715976,36.91527777777779,2.651315789473684,36.646111111111104,80.99055555555555,1059.1,-2.26,79.0,46.237707161821746,77.61906143020059
210,Soudan,40813.397,5.0,1.6,0.34,0.54,7.600097107956544,68.1,90.7,55.0,4592.0,3.674,1.203,88.4,2.651315789473684,20.3,74.0,4614.0,-1.98,118.0,2.898550724637681,97.10144927536231
211,Soudan du Sud,10910.763,74.48554913294798,20.19838150289017,4.891791907514452,7.117803468208093,7.600097107956544,63.62410714285714,6.2,88.00962566844919,5607.0,3.287892215568862,0.8727100591715976,36.91527777777779,2.651315789473684,36.646111111111104,80.99055555555555,20818.325531914892,-2.45,121.14942528735632,46.237707161821746,77.61906143020059
212,Sri Lanka,21128.032,26.0,7.78,1.64,2.64,4.05,68.6,10.4,36.0,8498.0,3.702,0.999,56.6,2.4,18.0,67.0,13584.2,-0.07,111.0,0.0,100.0
213,Suède,9904.896,61.0,16.6,3.39,7.09,6.72,63.62410714285714,6.5,187.0,1539.0,3.086,0.644,0.6,1.8,67.7,105.7,51948.0,0.98,126.0,44.919786096256686,83.9572192513369
214,Suisse,8455.804,55.0,15.72,3.07,6.49,4.8,63.62410714285714,5.6,38.8,435.0,2.523,0.675,0.0,9.8,60.7,96.3,69103.6,1.26,132.0,38.34586466165413,68.42105263157895
215,Suriname,570.496,112.0,31.06,7.97,9.27,8.866,63.62410714285714,14.3,28.0,7172.0,4.969,1.412,44.5,2.651315789473684,26.3,62.0,17753.1,0.13,110.0,72.0,40.0
216,Tadjikistan,8880.268,18.0,4.45,1.31,1.45,4.8,66.7,96.4,35.0,5274.0,3.027,0.823,49.8,0.4,24.0,74.7,3236.4,-0.67,114.0,95.0,5.0
217,Tchad,15016.753,2.0,0.45,0.1,0.15,1.13,34.6,55.1,21.0,4242.0,2.831,0.882,82.7,2.651315789473684,25.7,77.7,1579.8,-1.29,109.0,14.285714285714285,85.71428571428571
218,Tchéquie,10641.034,82.0,21.96,5.49,7.5,2.89,63.62410714285714,1.0,45.0,882.0,2.899,0.7,0.2,11.9,51.7,86.7,38824.9,1.0,130.0,46.58634538152611,65.46184738955823
219,Thaïlande,69209.81,47.0,12.95,3.19,4.35,0.83,43.2,6.0,26.0,9424.0,3.971,0.942,20.5,0.8,26.7,61.7,17008.0,-0.75,113.0,0.22701475595913734,190.2383654937571
220,Timor-Leste,1243.258,14.0,4.24,0.9,1.46,3.6833333333,11.7,1.0,88.00962566844919,13145.0,3.287892215568862,0.8727100591715976,36.91527777777779,2.651315789473684,14.3,54.6,3138.4,0.07,101.0,220.00000000000003,20.0
221,Togo,7698.474,24.0,7.06,1.49,2.39,3.74,41.1,14.0,88.00962566844919,4742.0,3.287892215568862,0.8727100591715976,36.91527777777779,2.651315789473684,9.3,56.3,1972.7,-0.88,107.0,29.629629629629626,74.07407407407408
222,Tokélaou,1.3,74.48554913294798,20.19838150289017,4.891791907514452,7.117803468208093,7.600097107956544,63.62410714285714,1.0,88.00962566844919,15800.0,3.287892215568862,0.8727100591715976,36.91527777777779,2.651315789473684,36.646111111111104,80.99055555555555,20818.325531914892,-0.06223350253807105,121.14942528735632,46.237707161821746,77.61906143020059
223,Tonga,101.998,74.48554913294798,20.19838150289017,4.891791907514452,7.117803468208093,2.84,63.62410714285714,1.0,33.0,6884.0,3.287892215568862,0.8727100591715976,36.91527777777779,2.651315789473684,36.646111111111104,80.99055555555555,6257.0,0.79,121.14942528735632,46.237707161821746,77.61906143020059
224,Trinité-et-Tobago,1384.059,189.0,54.54,13.05,16.63,6.1055555556,63.62410714285714,5.8,21.0,7199.0,3.928,1.047,6.5,2.651315789473684,43.7,85.0,26213.9,0.28,112.0,30.263157894736842,80.26315789473685
225,Tunisie,11433.443,57.0,17.03,3.39,6.28,15.33,91.4,99.0,42.0,1481.0,3.476,0.841,15.5,1.3,28.0,99.7,10874.9,-1.02,143.0,0.0,109.23076923076923
226,Turkménistan,5757.667,15.0,4.52,0.95,1.53,7.600097107956544,63.62410714285714,93.0,25.0,4566.0,3.287892215568862,0.8727100591715976,36.91527777777779,1.6,36.7,90.0,13703.5,-0.13,119.0,33.33333333333333,74.07407407407408
227,Turquie,81116.45,71.0,20.64,4.5,6.99,10.82,54.2,98.0,36.0,2593.0,2.873,0.817,6.1,1.3,37.7,109.3,27582.8,-1.79,155.0,0.17921146953405018,130.94384707287935
228,Tuvalu,11.37,74.48554913294798,20.19838150289017,4.891791907514452,7.117803468208093,26.55,63.62410714285714,1.0,88.00962566844919,15800.0,3.287892215568862,0.8727100591715976,36.91527777777779,2.651315789473684,36.646111111111104,80.99055555555555,4208.9,1.24,121.14942528735632,46.237707161821746,77.61906143020059
229,Ukraine,44487.709,78.0,22.62,5.11,7.58,9.5,69.5,1.7,71.0,2019.0,3.287892215568862,0.8727100591715976,36.91527777777779,3.6,38.3,87.7,11860.6,-1.87,122.0,11.992071357779981,120.01982160555005
230,Uruguay,3436.641,33.0,9.12,2.23,2.97,7.89,63.62410714285714,1.0,33.0,934.0,3.073,0.615,2.8,0.9,44.3,84.0,23107.0,1.05,132.0,9.090909090909092,100.0
231,Vanuatu,285.51,40.0,11.66,2.48,4.05,4.745,50.6,1.0,22.0,6291.0,3.287892215568862,0.8727100591715976,36.91527777777779,2.651315789473684,27.0,66.7,3031.2,0.7,122.0,133.33333333333331,33.33333333333333
232,Venezuela (République bolivarienne du),29402.484,71.0,20.28,4.39,7.23,5.05,63.62410714285714,1.0,19.0,7601.0,3.287892215568862,0.8727100591715976,36.91527777777779,2.651315789473684,23.7,53.7,20818.325531914892,-1.27,96.0,3.993610223642172,95.84664536741214
233,Viet Nam,94600.648,48.0,12.33,3.4,4.01,1.87,39.3,1.0,32.0,9178.0,3.586,1.183,24.9,0.7,32.0,84.3,9050.7,0.23,126.0,24.129353233830848,76.11940298507463
234,Yémen,27834.819,30.0,8.53,1.85,3.04,13.47,63.62410714285714,99.0,23.0,5300.0,3.287892215568862,0.8727100591715976,36.91527777777779,2.651315789473684,9.7,50.7,20818.325531914892,-2.94,91.0,31.70731707317073,68.29268292682927
235,Zambie,16853.599,11.0,3.42,0.72,1.15,8.52,124.7,1.0,22.0,7575.0,3.085,0.906,88.5,0.2,13.7,58.3,3395.5,0.15,103.0,20.0,81.66666666666667
236,Zimbabwe,14236.595,16.0,4.68,0.99,1.59,7.2266666667,53.7,1.0,103.0,7939.0,2.2,0.95,67.8,2.651315789473684,25.3,57.7,2331.8,-0.71,94.0,7.894736842105263,90.78947368421053
